particip_code,pred_trialN,pred_Cond,pred_Cont,pred_Cat,pred_Obj,pred_predictedValue,pred_acc,pred_rt,rec_session,rec_trialType,rec_Cond,rec_Cat,rec_Obj,rec_response,rec_acc,rec_rt,rec_respConf,rec_rtConf,rec_respCont
27,1,4,5,HouseObjects,key,2,1,0.939354820176959,1,old,4,HouseObjects,key,1,1,2.36637049727142,4,0.28001781925559,1
27,2,1,3,HouseObjects,handvacuum,1,0,1.42178366798908,2,old,1,HouseObjects,handvacuum,1,1,1.47138591943076,4,0.800262867298443,2
27,3,4,6,FruitsAndVegs,greenolive,3,1,0.624190527014434,2,old,4,FruitsAndVegs,greenolive,0,0,1.92525408740039,4,0.344303884339752,1
27,4,4,5,HouseObjects,thread,2,1,0.802478123921901,2,old,4,HouseObjects,thread,0,0,1.4996633976989,2,0.000100708071840927,2
27,5,2,4,Instruments,grandpiano2,1,1,0.660904390271753,1,old,2,Instruments,grandpiano2,0,0,1.07019929634407,4,0.00820514187216759,4
27,6,3,4,HouseObjects,iron2,1,0,0.519317507278174,1,old,3,HouseObjects,iron2,1,1,0.882986847311258,2,1.09336920781061,1
27,7,4,4,Instruments,drums,1,1,0.657815796323121,1,old,4,Instruments,drums,1,1,2.67193833831698,6,1.12316692899913,5
27,8,3,6,HouseObjects,pitcher2,3,0,0.796056541148573,2,old,3,HouseObjects,pitcher2,0,0,1.01005477044964,4,1.0117607137654,2
27,9,4,6,FruitsAndVegs,kiwi2,3,1,0.718654052820057,2,old,4,FruitsAndVegs,kiwi2,1,1,1.16396492152126,3,0.299568975897273,1
27,10,3,5,Instruments,hihat2,2,0,0.64115887414664,1,old,3,Instruments,hihat2,1,1,3.52918144548312,6,1.62851808732376,4
27,11,3,5,Instruments,frenchhorn2,2,0,0.483379480428994,1,old,3,Instruments,frenchhorn2,0,0,1.11211501993239,6,0.49400482326746,4
27,12,4,4,Instruments,laud,1,1,0.773716669529676,2,old,4,Instruments,laud,0,0,NaN,6,0.508880751702236,6
27,13,4,4,Instruments,trumpet,1,1,0.70498469658196,2,old,4,Instruments,trumpet,0,0,3.7027835517365,3,0.265766024356708,3
27,14,1,1,FruitsAndVegs,garlic2,1,0,1.06789744319394,2,old,1,FruitsAndVegs,garlic2,1,1,2.70003396490938,2,3.18243138139951,3
27,15,1,2,FruitsAndVegs,leek,2,0,0.926506844349205,2,old,1,FruitsAndVegs,leek,0,0,NaN,2,5.74836325334036,6
27,16,4,4,Instruments,keyboard,1,1,0.680765047669411,1,old,4,Instruments,keyboard,1,1,2.10596829978749,2,1.94545407313854,3
27,17,1,1,HouseObjects,dustpan,3,0,0.643342699389905,2,old,1,HouseObjects,dustpan,0,0,1.62354490472353,5,0.803733126173029,5
27,18,2,5,HouseObjects,knife,2,1,0.765755921602249,2,old,2,HouseObjects,knife,0,0,1.09665184162441,1,0.459577096655266,2
27,19,1,2,Instruments,marimba,1,1,0.784249001648277,2,old,1,Instruments,marimba,1,1,1.09949091108865,1,0.544574384926818,1
27,20,4,5,HouseObjects,sponge,2,1,0.714574413839728,2,old,4,HouseObjects,sponge,0,0,1.40112279873574,4,3.36264397803461,4
27,21,3,4,FruitsAndVegs,cherrytomato,1,0,0.796971573960036,1,old,3,FruitsAndVegs,cherrytomato,0,0,0.946946412790567,4,1.1466331910342,5
27,22,3,6,Instruments,laud2,3,0,0.695257066749036,2,old,3,Instruments,laud2,0,0,0.906361061497591,2,1.87225791017408,1
27,23,1,1,HouseObjects,recyclingbin,2,1,1.29762729909271,2,old,1,HouseObjects,recyclingbin,0,0,2.87001763674198,4,0.0575472838827409,2
27,24,2,4,Instruments,panflute2,1,1,0.62000536872074,1,old,2,Instruments,panflute2,0,0,1.39380895532668,3,0.393348071724176,4
27,25,4,6,FruitsAndVegs,lettuce2,3,1,0.614440767094493,2,old,4,FruitsAndVegs,lettuce2,1,1,1.45499840760021,6,0.321337313333061,3
27,26,1,2,Instruments,harmonica2,2,0,1.07285779668018,1,old,1,Instruments,harmonica2,1,1,1.88289864780381,4,1.82370186829939,4
27,27,4,6,FruitsAndVegs,casabamelon,3,1,0.659946381114423,1,old,4,FruitsAndVegs,casabamelon,1,1,1.2609788631089,5,0.723312282003462,6
27,28,4,5,HouseObjects,safetypin,2,1,0.806600098963827,1,old,4,HouseObjects,safetypin,1,1,1.60450113750994,6,1.06868322286755,5
27,29,4,6,FruitsAndVegs,cherrytomato2,3,1,0.937707890756428,2,old,4,FruitsAndVegs,cherrytomato2,0,0,0.867829000257188,3,0.342077722889371,5
27,30,4,6,FruitsAndVegs,cherrytomato2,3,1,0.588140887673944,2,old,4,FruitsAndVegs,cherrytomato2,0,0,0.867829000257188,3,0.342077722889371,5
27,31,3,6,HouseObjects,spraybottle2,3,0,0.710282775107771,1,old,3,HouseObjects,spraybottle2,1,1,1.56345682684332,4,3.12669652234763,2
27,32,1,3,HouseObjects,dishsoap2,3,0,1.45723387040198,1,old,1,HouseObjects,dishsoap2,1,1,2.26495779398829,6,1.37625592434779,4
27,33,2,6,FruitsAndVegs,iceberglettuce2,3,1,1.09182426845655,2,old,2,FruitsAndVegs,iceberglettuce2,0,0,1.96251414806466,6,1.83923271999811,6
27,34,1,3,Instruments,trumpet2,2,0,0.879074627533555,2,old,1,Instruments,trumpet2,0,0,0.71730700210901,2,0.688392240612302,1
27,35,4,5,HouseObjects,spraybottle,2,1,0.753337718546391,2,old,4,HouseObjects,spraybottle,0,0,0.769758265378186,4,0.22376787365647,3
27,36,4,4,Instruments,keyboard,1,1,0.835890751797706,1,old,4,Instruments,keyboard,1,1,2.10596829978749,2,1.94545407313854,3
27,37,4,5,HouseObjects,key,2,1,0.734340135939419,1,old,4,HouseObjects,key,1,1,2.36637049727142,4,0.28001781925559,1
27,38,4,6,FruitsAndVegs,kiwi2,3,1,0.688597505446523,2,old,4,FruitsAndVegs,kiwi2,1,1,1.16396492152126,3,0.299568975897273,1
27,39,1,2,HouseObjects,ironingboard,2,1,0.851673373486847,1,old,1,HouseObjects,ironingboard,0,0,1.76130584394559,2,1.03731265943497,1
27,40,3,6,Instruments,electricdrumset,3,0,0.726267133839428,1,old,3,Instruments,electricdrumset,1,1,1.83680610451847,5,0.939331086818129,4
27,41,4,4,Instruments,laud,1,1,0.75237489817664,2,old,4,Instruments,laud,0,0,NaN,6,0.508880751702236,6
27,42,3,4,FruitsAndVegs,mango,1,0,0.851216658949852,1,old,3,FruitsAndVegs,mango,1,1,1.1011869115755,4,2.76618024241179,2
27,43,1,3,FruitsAndVegs,coffeebean,1,0,1.07731749629602,1,old,1,FruitsAndVegs,coffeebean,0,0,2.18763644900173,3,1.49120841035619,5
27,44,3,6,HouseObjects,dishsoap,3,0,0.63190912688151,1,old,3,HouseObjects,dishsoap,0,0,1.67161600850523,3,1.07485720468685,1
27,45,1,3,Instruments,pipepiano,2,0,0.890331159811467,2,old,1,Instruments,pipepiano,0,0,1.30721124287811,1,1.16693067789311,6
27,46,4,5,HouseObjects,towel,2,1,0.989349640905857,2,old,4,HouseObjects,towel,0,0,NaN,NaN,6.42492903128732,3
27,47,1,3,FruitsAndVegs,celery,1,0,0.576317632105201,1,old,1,FruitsAndVegs,celery,1,1,1.80678868573159,5,0.571529829408973,6
27,48,4,4,Instruments,trombone2,1,1,0.642732998821884,2,old,4,Instruments,trombone2,0,0,1.55251428595511,2,1.46795094042318,6
27,49,1,1,FruitsAndVegs,endive2,3,1,1.29325034655631,1,old,1,FruitsAndVegs,endive2,1,1,0.984121480956674,5,0.430080216843635,6
27,50,4,5,HouseObjects,sponge,2,1,0.799725650809705,2,old,4,HouseObjects,sponge,0,0,1.40112279873574,4,3.36264397803461,4
27,51,1,3,HouseObjects,flyswatter2,1,0,0.882059627678245,1,old,1,HouseObjects,flyswatter2,1,1,1.632601254154,4,1.23247912153602,1
27,52,1,3,Instruments,harp2,1,1,0.604562716558576,1,old,1,Instruments,harp2,0,0,0.981711543165147,4,0.000100708100944757,4
27,53,4,5,HouseObjects,doormat,2,1,0.678883987944573,1,old,4,HouseObjects,doormat,1,1,1.3375580473803,6,0.999204598832875,5
27,54,1,3,HouseObjects,saw,1,0,0.729319486301392,1,old,1,HouseObjects,saw,1,1,1.67766554886475,5,3.69026015046984,5
27,55,4,6,FruitsAndVegs,casabamelon,3,1,0.723548016045243,1,old,4,FruitsAndVegs,casabamelon,1,1,1.2609788631089,5,0.723312282003462,6
27,56,4,5,HouseObjects,spraybottle,2,1,0.726684718858451,2,old,4,HouseObjects,spraybottle,0,0,0.769758265378186,4,0.22376787365647,3
27,57,2,5,HouseObjects,pan,1,0,0.553089348133653,1,old,2,HouseObjects,pan,1,1,1.83327138004825,2,0.706391081213951,1
27,58,4,5,HouseObjects,garbagebin2,2,1,0.531495806761086,1,old,4,HouseObjects,garbagebin2,1,1,1.40059584518895,2,0.568624690175056,1
27,59,2,4,Instruments,oboe2,1,1,0.749902419280261,2,old,2,Instruments,oboe2,0,0,2.06371036104974,3,0.846058417722816,6
27,60,4,4,Instruments,trumpet,1,1,0.704331697896123,2,old,4,Instruments,trumpet,0,0,3.7027835517365,3,0.265766024356708,3
27,61,4,4,Instruments,drums,1,1,1.11486588977277,1,old,4,Instruments,drums,1,1,2.67193833831698,6,1.12316692899913,5
27,62,2,5,HouseObjects,glassmop2,1,0,1.14112054742873,1,old,2,HouseObjects,glassmop2,1,1,1.30657267663628,1,0.199460025411099,1
27,63,4,6,FruitsAndVegs,greenolive,3,1,1.20022784406319,2,old,4,FruitsAndVegs,greenolive,0,0,1.92525408740039,4,0.344303884339752,1
27,64,1,2,HouseObjects,key2,2,1,1.25079548126087,2,old,1,HouseObjects,key2,0,0,1.11954464556766,4,0.0171575757267419,5
27,65,4,6,FruitsAndVegs,carrot,1,0,1.02104221330956,1,old,4,FruitsAndVegs,carrot,1,1,1.69675678340718,6,0.321062771603465,6
27,66,1,3,FruitsAndVegs,coconut2,1,0,0.855471735820174,1,old,1,FruitsAndVegs,coconut2,0,0,3.9331182972528,6,0.039060618262738,5
27,67,3,4,FruitsAndVegs,mango2,1,0,0.890721162781119,1,old,3,FruitsAndVegs,mango2,1,1,2.10472195735201,6,0.529592295642942,6
27,68,4,5,HouseObjects,towel,2,1,0.725841850508004,2,old,4,HouseObjects,towel,0,0,NaN,NaN,6.42492903128732,3
27,69,4,5,HouseObjects,spraybottle,2,1,0.720218556001782,2,old,4,HouseObjects,spraybottle,0,0,0.769758265378186,4,0.22376787365647,3
27,70,3,5,Instruments,violin2,2,0,0.69054655963555,2,old,3,Instruments,violin2,0,0,NaN,3,0.25788866498624,3
27,71,1,1,Instruments,record,1,1,1.07758947229013,1,old,1,Instruments,record,1,1,1.90344662126154,3,1.146960652899,1
27,72,4,5,HouseObjects,doormat,2,1,0.688098134472966,1,old,4,HouseObjects,doormat,1,1,1.3375580473803,6,0.999204598832875,5
27,73,4,4,Instruments,flutetrans,1,1,0.603193535935134,1,old,4,Instruments,flutetrans,1,1,1.56646523997188,6,1.48470889078453,4
27,74,4,6,FruitsAndVegs,cherrytomato2,3,1,0.653463860508054,2,old,4,FruitsAndVegs,cherrytomato2,0,0,0.867829000257188,3,0.342077722889371,5
27,75,2,6,FruitsAndVegs,lettuce,3,1,0.672050592489541,2,old,2,FruitsAndVegs,lettuce,1,1,0.842348576261429,2,0.857330665312475,3
27,76,4,4,Instruments,drums,1,1,0.803211946040392,1,old,4,Instruments,drums,1,1,2.67193833831698,6,1.12316692899913,5
27,77,1,1,Instruments,triangle,2,0,0.805543947033584,2,old,1,Instruments,triangle,1,1,4.20961229639943,6,1.25181154249003,1
27,78,2,5,HouseObjects,doormat2,2,1,0.872755677439272,2,old,2,HouseObjects,doormat2,0,0,0.708006580010988,5,0.724557020788779,2
27,79,4,4,Instruments,musicstand2,1,1,0.699812663719058,2,old,4,Instruments,musicstand2,0,0,1.65340228093555,2,0.992418671026826,1
27,80,4,5,HouseObjects,thread,2,1,0.845994593109936,2,old,4,HouseObjects,thread,0,0,1.4996633976989,2,0.000100708071840927,2
27,81,4,4,Instruments,trumpet,1,1,0.70463350135833,2,old,4,Instruments,trumpet,0,0,3.7027835517365,3,0.265766024356708,3
27,82,3,5,FruitsAndVegs,ginger,2,0,0.62689809827134,2,old,3,FruitsAndVegs,ginger,0,0,1.10616811254295,5,1.75820987240877,4
27,83,3,6,HouseObjects,rubbergloves,3,0,0.773657014593482,2,old,3,HouseObjects,rubbergloves,0,0,1.00598892275593,2,0.575398430286441,2
27,84,2,5,HouseObjects,knife2,2,1,0.688376845791936,2,old,2,HouseObjects,knife2,0,0,1.00536254423787,5,1.42532480758382,4
27,85,2,6,FruitsAndVegs,casabamelon2,3,1,0.459595057647675,1,old,2,FruitsAndVegs,casabamelon2,1,1,0.976827201899141,2,1.13513354863971,4
27,86,1,3,HouseObjects,recyclingbin2,1,0,1.56583918211982,1,old,1,HouseObjects,recyclingbin2,1,1,2.14084825059399,5,1.81796824373305,5
27,87,4,5,HouseObjects,thread,2,1,0.880290180444717,2,old,4,HouseObjects,thread,0,0,1.4996633976989,2,0.000100708071840927,2
27,88,4,5,HouseObjects,spraybottle,2,1,0.707062682136893,2,old,4,HouseObjects,spraybottle,0,0,0.769758265378186,4,0.22376787365647,3
27,89,3,4,FruitsAndVegs,kiwi,1,0,0.805116418749094,2,old,3,FruitsAndVegs,kiwi,1,1,1.75679482784471,4,0.791795371478656,3
27,90,4,5,HouseObjects,key,2,1,0.76833039149642,1,old,4,HouseObjects,key,1,1,2.36637049727142,4,0.28001781925559,1
27,91,3,5,Instruments,oboe,2,0,0.458773998077959,2,old,3,Instruments,oboe,1,1,2.35538016815553,3,0.357550523214741,1
27,92,3,5,FruitsAndVegs,mushroom,2,0,0.501203525345773,1,old,3,FruitsAndVegs,mushroom,1,1,2.3427281556651,4,1.37352173263207,4
27,93,4,6,FruitsAndVegs,greenolive,3,1,0.6954475780949,2,old,4,FruitsAndVegs,greenolive,0,0,1.92525408740039,4,0.344303884339752,1
27,94,4,4,Instruments,flutetrans2,1,1,0.866001501213759,1,old,4,Instruments,flutetrans2,1,1,1.26239583175629,6,1.24326226161793,4
27,95,1,2,Instruments,saxophone2,2,0,1.19650324899703,1,old,1,Instruments,saxophone2,1,1,3.78424996417016,3,1.38675907021388,3
27,96,3,4,HouseObjects,handbrush,1,0,0.710667004808784,1,old,3,HouseObjects,handbrush,0,0,0.853360714856535,3,1.01465751416981,1
27,97,1,3,HouseObjects,lintroller,1,0,0.793212019838393,2,old,1,HouseObjects,lintroller,1,1,1.429034328321,4,0.935712331585819,2
27,98,4,4,Instruments,flutetrans2,1,1,0.667463564313948,1,old,4,Instruments,flutetrans2,1,1,1.26239583175629,6,1.24326226161793,4
27,99,1,2,FruitsAndVegs,cherry,2,0,0.838034165557474,2,old,1,FruitsAndVegs,cherry,0,0,2.63105086304131,3,1.86604287533555,5
27,100,4,5,HouseObjects,safetypin,2,1,0.792489423416555,1,old,4,HouseObjects,safetypin,1,1,1.60450113750994,6,1.06868322286755,5
27,101,4,6,FruitsAndVegs,casabamelon,3,1,0.722710599657148,1,old,4,FruitsAndVegs,casabamelon,1,1,1.2609788631089,5,0.723312282003462,6
27,102,4,6,FruitsAndVegs,lettuce2,3,1,0.646120830904692,2,old,4,FruitsAndVegs,lettuce2,1,1,1.45499840760021,6,0.321337313333061,3
27,103,4,4,Instruments,flutetrans,1,1,0.504325475543737,1,old,4,Instruments,flutetrans,1,1,1.56646523997188,6,1.48470889078453,4
27,104,4,4,Instruments,trombone2,1,1,0.762615369167179,2,old,4,Instruments,trombone2,0,0,1.55251428595511,2,1.46795094042318,6
27,105,4,4,Instruments,keyboard,1,1,0.517041953746229,1,old,4,Instruments,keyboard,1,1,2.10596829978749,2,1.94545407313854,3
27,106,4,5,HouseObjects,doormat,2,1,0.719760879408568,1,old,4,HouseObjects,doormat,1,1,1.3375580473803,6,0.999204598832875,5
27,107,1,1,HouseObjects,lintroller2,2,1,0.913831098470837,1,old,1,HouseObjects,lintroller2,1,1,1.36515398230404,3,1.19287038221955,1
27,108,1,2,FruitsAndVegs,pineapple,2,0,0.88424922619015,1,old,1,FruitsAndVegs,pineapple,1,1,1.30237693479285,6,1.12666926020756,4
27,109,1,1,HouseObjects,cushion2,2,1,0.982756469398737,2,old,1,HouseObjects,cushion2,0,0,0.863791376497829,3,9.5897150458768e-05,3
27,110,2,4,Instruments,tuba,1,1,0.513245195616037,2,old,2,Instruments,tuba,0,0,1.63668698680704,2,0.0773726612096652,2
27,111,4,6,FruitsAndVegs,cauliflower,3,1,0.771620081737638,1,old,4,FruitsAndVegs,cauliflower,1,1,1.36336721619591,5,0.207410189323127,6
27,112,4,5,HouseObjects,garbagebin2,2,1,0.741999080870301,1,old,4,HouseObjects,garbagebin2,1,1,1.40059584518895,2,0.568624690175056,1
27,113,3,4,HouseObjects,handvacuum2,1,0,0.592363570351154,1,old,3,HouseObjects,handvacuum2,1,1,1.42407814459875,3,0.729671323206276,1
27,114,4,6,FruitsAndVegs,cauliflower,3,1,0.842782519292086,1,old,4,FruitsAndVegs,cauliflower,1,1,1.36336721619591,5,0.207410189323127,6
27,115,4,6,FruitsAndVegs,cauliflower,0,0,NaN,1,old,4,FruitsAndVegs,cauliflower,1,1,1.36336721619591,5,0.207410189323127,6
27,116,2,6,FruitsAndVegs,onion,3,1,0.543647164944559,1,old,2,FruitsAndVegs,onion,0,0,2.20874280715361,5,1.64584436500445,6
27,117,4,6,FruitsAndVegs,cabbage,3,1,0.690226153470576,1,old,4,FruitsAndVegs,cabbage,1,1,2.25784729095176,6,2.64908434217796,3
27,118,4,4,Instruments,drums,1,1,0.765109337400645,1,old,4,Instruments,drums,1,1,2.67193833831698,6,1.12316692899913,5
27,119,4,4,Instruments,drums,1,1,0.711542908567935,1,old,4,Instruments,drums,1,1,2.67193833831698,6,1.12316692899913,5
27,120,4,4,Instruments,trumpet,1,1,0.705824358388782,2,old,4,Instruments,trumpet,0,0,3.7027835517365,3,0.265766024356708,3
27,121,1,2,HouseObjects,glass,3,0,1.52490552235395,1,old,1,HouseObjects,glass,1,1,1.66272996505722,6,1.49367575813085,5
27,122,3,6,Instruments,metronome2,3,0,0.72002579877153,1,old,3,Instruments,metronome2,1,1,1.7187335928902,3,1.30066233221442,1
27,123,2,6,FruitsAndVegs,grape,3,1,0.722451452631503,2,old,2,FruitsAndVegs,grape,0,0,2.75922400905984,3,0.303582224441925,3
27,124,1,3,FruitsAndVegs,cauliflower2,1,0,0.957702291198075,2,old,1,FruitsAndVegs,cauliflower2,0,0,2.74221396745997,1,3.99815005055279,3
27,125,2,4,Instruments,pipepiano2,1,1,0.60079193720594,2,old,2,Instruments,pipepiano2,0,0,3.79973431030521,6,1.49959027211298,6
27,126,4,6,FruitsAndVegs,kiwi2,3,1,0.755223910324275,2,old,4,FruitsAndVegs,kiwi2,1,1,1.16396492152126,3,0.299568975897273,1
27,127,3,4,FruitsAndVegs,cucumber2,1,0,0.74215848185122,2,old,3,FruitsAndVegs,cucumber2,0,0,1.10403656537528,6,1.36575502343476,3
27,128,2,6,FruitsAndVegs,corn2,3,1,0.792570245917887,1,old,2,FruitsAndVegs,corn2,1,1,1.46410318650305,6,2.59886341029778,6
27,129,2,5,HouseObjects,saw2,3,0,1.41118943598121,1,old,2,HouseObjects,saw2,1,1,1.15418918291107,3,2.53588238079101,3
27,130,2,6,FruitsAndVegs,greenolive2,3,1,0.685382223688066,1,old,2,FruitsAndVegs,greenolive2,0,0,1.20336390612647,4,1.18317354191095,6
27,131,1,1,Instruments,gong,3,0,1.54373793071136,1,old,1,Instruments,gong,0,0,1.00709093827754,4,0.000103594735264778,4
27,132,4,4,Instruments,flutetrans,1,1,0.530202958732843,1,old,4,Instruments,flutetrans,1,1,1.56646523997188,6,1.48470889078453,4
27,133,2,4,Instruments,tambourine2,2,0,1.47689246991649,1,old,2,Instruments,tambourine2,1,1,2.43427788326517,4,1.2877739444375,4
27,134,4,5,HouseObjects,towel,2,1,0.727175751235336,2,old,4,HouseObjects,towel,0,0,NaN,NaN,6.42492903128732,3
27,135,1,2,FruitsAndVegs,peppergreen,3,1,1.24955876078457,2,old,1,FruitsAndVegs,peppergreen,1,1,1.88255996059161,1,0.443110044725472,1
27,136,4,6,FruitsAndVegs,cherrytomato2,3,1,0.811974509619176,2,old,4,FruitsAndVegs,cherrytomato2,0,0,0.867829000257188,3,0.342077722889371,5
27,137,1,2,HouseObjects,rug2,3,0,0.79822208546102,1,old,1,HouseObjects,rug2,1,1,1.75168822333217,6,0.685600638389587,6
27,138,1,1,HouseObjects,glass2,2,1,0.968762859236449,2,old,1,HouseObjects,glass2,0,0,1.47555407878826,4,4.14124819630524,2
27,139,4,5,HouseObjects,garbagebin2,2,1,0.771242586895823,1,old,4,HouseObjects,garbagebin2,1,1,1.40059584518895,2,0.568624690175056,1
27,140,4,6,FruitsAndVegs,cabbage,3,1,0.66958292433992,1,old,4,FruitsAndVegs,cabbage,1,1,2.25784729095176,6,2.64908434217796,3
27,141,1,1,Instruments,harp,2,0,1.15186359640211,1,old,1,Instruments,harp,1,1,1.14988984633237,4,0.487578429747373,4
27,142,4,4,Instruments,flutetrans2,1,1,0.690274904482067,1,old,4,Instruments,flutetrans2,1,1,1.26239583175629,6,1.24326226161793,4
27,143,1,1,FruitsAndVegs,onion2,2,0,0.677559067029506,1,old,1,FruitsAndVegs,onion2,0,0,1.25763144250959,5,0.310603885911405,6
27,144,4,6,FruitsAndVegs,lettuce2,3,1,0.743816636968404,2,old,4,FruitsAndVegs,lettuce2,1,1,1.45499840760021,6,0.321337313333061,3
27,145,1,1,Instruments,guitarcase2,2,0,0.818317514378577,2,old,1,Instruments,guitarcase2,0,0,1.64471925701946,1,9.68593521974981e-05,1
27,146,4,4,Instruments,keyboard,1,1,0.684575276449323,1,old,4,Instruments,keyboard,1,1,2.10596829978749,2,1.94545407313854,3
27,147,3,5,FruitsAndVegs,cucumber,2,0,0.806997158098966,1,old,3,FruitsAndVegs,cucumber,1,1,1.2667516162619,5,3.13740814011544,6
27,148,4,4,Instruments,flutetrans2,1,1,1.40213629370555,1,old,4,Instruments,flutetrans2,1,1,1.26239583175629,6,1.24326226161793,4
27,149,1,3,Instruments,electricdrumset2,1,1,1.02849653409794,1,old,1,Instruments,electricdrumset2,1,1,1.47266786266118,2,2.366557801608,3
27,150,4,6,FruitsAndVegs,greenolive,3,1,0.743107189889997,2,old,4,FruitsAndVegs,greenolive,0,0,1.92525408740039,4,0.344303884339752,1
27,151,3,6,Instruments,tambourine,3,0,0.553318346850574,1,old,3,Instruments,tambourine,1,1,0.913402287755162,5,1.11894617043436,4
27,152,4,6,FruitsAndVegs,cabbage,3,1,0.555727963801473,1,old,4,FruitsAndVegs,cabbage,1,1,2.25784729095176,6,2.64908434217796,3
27,153,1,2,FruitsAndVegs,cabbage2,3,1,0.926911601331085,2,old,1,FruitsAndVegs,cabbage2,0,0,1.02871366613545,3,1.12003054597881,3
27,154,2,5,HouseObjects,thread2,2,1,0.745244510471821,1,old,2,HouseObjects,thread2,0,0,0.798907157499343,1,2.39489076565951,2
27,155,4,6,FruitsAndVegs,cabbage,3,1,0.643666312564164,1,old,4,FruitsAndVegs,cabbage,1,1,2.25784729095176,6,2.64908434217796,3
27,156,1,1,HouseObjects,handbrush2,2,1,0.694181671366096,2,old,1,HouseObjects,handbrush2,0,0,0.829262942017522,4,0.303620390885044,3
27,157,4,5,HouseObjects,safetypin,2,1,0.704557809513062,1,old,4,HouseObjects,safetypin,1,1,1.60450113750994,6,1.06868322286755,5
27,158,2,4,Instruments,speaker2,1,1,1.16300370451063,1,old,2,Instruments,speaker2,0,0,1.6454014419578,2,2.21147699933499,1
27,159,4,4,Instruments,trumpet,1,1,0.581344375852495,2,old,4,Instruments,trumpet,0,0,3.7027835517365,3,0.265766024356708,3
27,160,4,6,FruitsAndVegs,cherrytomato2,3,1,0.599857661407441,2,old,4,FruitsAndVegs,cherrytomato2,0,0,0.867829000257188,3,0.342077722889371,5
27,161,4,4,Instruments,trombone2,1,1,0.506210063584149,2,old,4,Instruments,trombone2,0,0,1.55251428595511,2,1.46795094042318,6
27,162,1,1,Instruments,flute2,2,0,0.981189721729606,2,old,1,Instruments,flute2,0,0,NaN,6,0.760988966037985,6
27,163,4,6,FruitsAndVegs,cauliflower,1,0,0.735605722293258,1,old,4,FruitsAndVegs,cauliflower,1,1,1.36336721619591,5,0.207410189323127,6
27,164,1,1,HouseObjects,thermometer,2,1,1.22615119116381,1,old,1,HouseObjects,thermometer,1,1,1.13804766815156,4,0.945425528567284,1
27,165,1,2,HouseObjects,cushion,3,0,0.692444617394358,1,old,1,HouseObjects,cushion,0,0,1.72025094926357,1,1.36202914547175,1
27,166,1,1,FruitsAndVegs,coconut,3,1,1.29506661975756,2,old,1,FruitsAndVegs,coconut,1,1,1.55455314321443,2,0.659507627366111,2
27,167,4,6,FruitsAndVegs,carrot,3,1,0.689228053670377,1,old,4,FruitsAndVegs,carrot,1,1,1.69675678340718,6,0.321062771603465,6
27,168,4,5,HouseObjects,sponge,2,1,0.780342554673553,2,old,4,HouseObjects,sponge,0,0,1.40112279873574,4,3.36264397803461,4
27,169,3,5,FruitsAndVegs,lemon,2,0,0.574761147145182,1,old,3,FruitsAndVegs,lemon,0,0,1.1816039076075,4,0.946630817838013,6
27,170,4,4,Instruments,laud,1,1,0.609323899261653,2,old,4,Instruments,laud,0,0,NaN,6,0.508880751702236,6
27,171,1,2,FruitsAndVegs,pear,3,1,0.85957831563428,2,old,1,FruitsAndVegs,pear,0,0,1.39238653425127,3,2.63849011025741,3
27,172,4,4,Instruments,flutetrans2,1,1,1.03795603662729,1,old,4,Instruments,flutetrans2,1,1,1.26239583175629,6,1.24326226161793,4
27,173,1,2,Instruments,guitarcase,3,0,1.79249134752899,1,old,1,Instruments,guitarcase,0,0,3.23925350280479,4,0.248865991830826,4
27,174,4,4,Instruments,laud,1,1,0.827606711070985,2,old,4,Instruments,laud,0,0,NaN,6,0.508880751702236,6
27,175,4,5,HouseObjects,spraybottle,2,1,0.789917518850416,2,old,4,HouseObjects,spraybottle,0,0,0.769758265378186,4,0.22376787365647,3
27,176,3,6,Instruments,harmonica,3,0,0.824956870172173,2,old,3,Instruments,harmonica,0,0,1.1788931285264,4,0.0584841254749335,1
27,177,1,1,HouseObjects,flyswatter,2,1,1.80404936242849,1,old,1,HouseObjects,flyswatter,1,1,2.23016925062984,6,2.36760561401024,1
27,178,4,5,HouseObjects,sponge,2,1,0.966468382626772,2,old,4,HouseObjects,sponge,0,0,1.40112279873574,4,3.36264397803461,4
27,179,2,4,Instruments,maraca2,1,1,0.833044947125018,1,old,2,Instruments,maraca2,0,0,0.880583003628999,4,3.41351021174341,4
27,180,3,4,HouseObjects,pitcher,1,0,0.955479978118092,2,old,3,HouseObjects,pitcher,0,0,2.57482048144448,5,0.619391498767072,2
27,181,1,1,FruitsAndVegs,ginger2,2,0,1.55035676015541,1,old,1,FruitsAndVegs,ginger2,1,1,1.77698647463694,4,0.0128027535974979,6
27,182,1,3,Instruments,musicsheet,1,1,0.552826352417469,2,old,1,Instruments,musicsheet,1,1,1.07866550906328,1,0.0305074884672649,3
27,183,1,2,HouseObjects,scale,3,0,0.715384247712791,2,old,1,HouseObjects,scale,1,1,1.94925724592758,2,0.541250056528952,2
27,184,4,5,HouseObjects,sponge,2,1,0.781984352972358,2,old,4,HouseObjects,sponge,0,0,1.40112279873574,4,3.36264397803461,4
27,185,3,6,Instruments,marimba2,3,0,0.808188976719975,2,old,3,Instruments,marimba2,1,1,2.93451217364054,2,1.46529789219494,1
27,186,2,5,HouseObjects,scale2,2,1,0.779145604465157,1,old,2,HouseObjects,scale2,0,0,NaN,3,3.85317629715428,2
27,187,3,6,Instruments,trombone,3,0,0.57373257772997,1,old,3,Instruments,trombone,0,0,1.1007279525511,2,0.919613152742386,1
27,188,3,4,FruitsAndVegs,brusselssprout,1,0,0.720776619855314,1,old,3,FruitsAndVegs,brusselssprout,1,1,1.70892000896856,3,2.12830592645332,6
27,189,4,4,Instruments,laud,1,1,0.555121149402112,2,old,4,Instruments,laud,0,0,NaN,6,0.508880751702236,6
27,190,4,4,Instruments,musicstand2,1,1,0.414311386179179,2,old,4,Instruments,musicstand2,0,0,1.65340228093555,2,0.992418671026826,1
27,191,4,4,Instruments,flutetrans,1,1,0.496597895398736,1,old,4,Instruments,flutetrans,1,1,1.56646523997188,6,1.48470889078453,4
27,192,3,4,FruitsAndVegs,corn,1,0,0.675119302235544,1,old,3,FruitsAndVegs,corn,0,0,2.72473823139444,5,0.575617807451636,6
27,193,1,3,Instruments,saxophone,1,1,0.797410327475518,2,old,1,Instruments,saxophone,0,0,1.67039179606945,4,0.573712371988222,3
27,194,1,2,Instruments,flute,3,0,0.799831169657409,2,old,1,Instruments,flute,1,1,1.06127989690867,5,0.0884723580384161,1
27,195,2,6,FruitsAndVegs,eggplant2,3,1,0.954215033445507,2,old,2,FruitsAndVegs,eggplant2,1,1,2.68744673937908,3,0.208411176281516,3
27,196,2,5,HouseObjects,safetypin2,2,1,0.940641253720969,2,old,2,HouseObjects,safetypin2,1,1,1.45113205167581,2,2.55138212200836,4
27,197,1,1,Instruments,metronome,2,0,1.34386224392802,1,old,1,Instruments,metronome,0,0,0.966464213561267,4,0.273263964802027,4
27,198,2,6,FruitsAndVegs,lemon2,3,1,0.698144566267729,1,old,2,FruitsAndVegs,lemon2,0,0,1.48205295624211,3,1.82144940737635,3
27,199,3,6,Instruments,timbal2,3,0,0.652735811658204,1,old,3,Instruments,timbal2,0,0,2.03156716842204,4,4.20847820816562,4
27,200,4,6,FruitsAndVegs,carrot,3,1,0.534957085270435,1,old,4,FruitsAndVegs,carrot,1,1,1.69675678340718,6,0.321062771603465,6
27,201,4,6,FruitsAndVegs,kiwi2,3,1,0.489539029542357,2,old,4,FruitsAndVegs,kiwi2,1,1,1.16396492152126,3,0.299568975897273,1
27,202,4,6,FruitsAndVegs,carrot,3,1,0.66045248741284,1,old,4,FruitsAndVegs,carrot,1,1,1.69675678340718,6,0.321062771603465,6
27,203,2,6,FruitsAndVegs,brusselssprout2,3,1,0.64684631396085,1,old,2,FruitsAndVegs,brusselssprout2,0,0,3.39117226423696,6,0.96728559397161,6
27,204,1,2,Instruments,hihat,3,0,1.08126884466037,1,old,1,Instruments,hihat,0,0,1.02465743990615,5,0.206863351166248,4
27,205,3,6,HouseObjects,ironingboard2,3,0,0.627670407295227,1,old,3,HouseObjects,ironingboard2,0,0,2.83557387441397,6,2.86235131509602,1
27,206,4,5,HouseObjects,spraybottle,2,1,0.654111086390913,2,old,4,HouseObjects,spraybottle,0,0,0.769758265378186,4,0.22376787365647,3
27,207,4,6,FruitsAndVegs,carrot,3,1,0.672509872820228,1,old,4,FruitsAndVegs,carrot,1,1,1.69675678340718,6,0.321062771603465,6
27,208,4,5,HouseObjects,towel,2,1,0.651612307410687,2,old,4,HouseObjects,towel,0,0,NaN,NaN,6.42492903128732,3
27,209,2,6,FruitsAndVegs,broccoli,3,1,0.622049678582698,1,old,2,FruitsAndVegs,broccoli,0,0,2.28555163182318,3,1.41157013829798,5
27,210,2,4,Instruments,violin,1,1,0.681130355224013,1,old,2,Instruments,violin,1,1,0.961407642345876,5,0.317938576452434,4
27,211,3,5,Instruments,maraca,2,0,1.04361012112349,2,old,3,Instruments,maraca,0,0,0.817940661130706,5,0.138256781821838,6
27,212,4,5,HouseObjects,key,2,1,0.60594793362543,1,old,4,HouseObjects,key,1,1,2.36637049727142,4,0.28001781925559,1
27,213,4,4,Instruments,laud,1,1,0.657204170711339,2,old,4,Instruments,laud,0,0,NaN,6,0.508880751702236,6
27,214,4,6,FruitsAndVegs,kiwi2,3,1,0.676149474922568,2,old,4,FruitsAndVegs,kiwi2,1,1,1.16396492152126,3,0.299568975897273,1
27,215,4,6,FruitsAndVegs,cauliflower,3,1,0.718545326497406,1,old,4,FruitsAndVegs,cauliflower,1,1,1.36336721619591,5,0.207410189323127,6
27,216,1,2,FruitsAndVegs,orange,3,1,0.872947792522609,1,old,1,FruitsAndVegs,orange,1,1,2.04357644496486,4,0.728579891379923,6
27,217,1,1,FruitsAndVegs,iceberglettuce,2,0,1.38006487023085,2,old,1,FruitsAndVegs,iceberglettuce,1,1,1.18532593653072,3,0.180337679921649,2
27,218,4,5,HouseObjects,sponge,2,1,0.718490161467344,2,old,4,HouseObjects,sponge,0,0,1.40112279873574,4,3.36264397803461,4
27,219,4,6,FruitsAndVegs,cabbage,3,1,0.688871085178107,1,old,4,FruitsAndVegs,cabbage,1,1,2.25784729095176,6,2.64908434217796,3
27,220,1,2,HouseObjects,towel2,3,0,0.852086148690432,2,old,1,HouseObjects,towel2,0,0,3.9381081572501,3,0.445373089693021,3
27,221,4,4,Instruments,keyboard,1,1,1.22239131620154,1,old,4,Instruments,keyboard,1,1,2.10596829978749,2,1.94545407313854,3
27,222,4,6,FruitsAndVegs,lettuce2,3,1,0.680946257896721,2,old,4,FruitsAndVegs,lettuce2,1,1,1.45499840760021,6,0.321337313333061,3
27,223,4,5,HouseObjects,doormat,2,1,1.39520571893081,1,old,4,HouseObjects,doormat,1,1,1.3375580473803,6,0.999204598832875,5
27,224,2,5,HouseObjects,iron,2,1,0.533611638005823,1,old,2,HouseObjects,iron,1,1,1.24855841509998,4,1.1251326603815,5
27,225,2,4,Instruments,drums2,1,1,0.544083994347602,2,old,2,Instruments,drums2,1,1,1.22534328140318,2,9.78215248323977e-05,1
27,226,2,4,Instruments,record2,1,1,0.45042966119945,1,old,2,Instruments,record2,1,1,2.29089461173862,2,2.67926982138306,1
27,227,4,4,Instruments,trombone2,1,1,0.541027793195099,2,old,4,Instruments,trombone2,0,0,1.55251428595511,2,1.46795094042318,6
27,228,2,6,FruitsAndVegs,pineapple2,3,1,0.599253413267434,2,old,2,FruitsAndVegs,pineapple2,0,0,2.32000694051385,5,0.000669676577672362,3
27,229,4,6,FruitsAndVegs,casabamelon,3,1,1.33764464361593,1,old,4,FruitsAndVegs,casabamelon,1,1,1.2609788631089,5,0.723312282003462,6
27,230,1,3,HouseObjects,match2,1,0,0.508186378981918,2,old,1,HouseObjects,match2,0,0,2.15664819176891,3,0.302281679178122,2
27,231,4,6,FruitsAndVegs,carrot,3,1,0.64677286753431,1,old,4,FruitsAndVegs,carrot,1,1,1.69675678340718,6,0.321062771603465,6
27,232,2,4,Instruments,musicsheet2,1,1,0.552882800810039,2,old,2,Instruments,musicsheet2,1,1,1.81428855043487,2,2.84742278754129,6
27,233,3,4,HouseObjects,dustpan2,1,0,0.611447107512504,2,old,3,HouseObjects,dustpan2,1,1,1.35843380351434,5,0.49085400759941,2
27,234,2,5,HouseObjects,vacuumcleaner2,2,1,1.19769121985883,2,old,2,HouseObjects,vacuumcleaner2,0,0,1.11225838481914,3,1.09579999247217,2
27,235,2,5,HouseObjects,teapot2,2,1,0.616218232549727,1,old,2,HouseObjects,teapot2,0,0,1.15970343071967,2,6.76731579005718e-05,2
27,236,1,1,FruitsAndVegs,peanut2,2,0,0.818523100111634,1,old,1,FruitsAndVegs,peanut2,0,0,1.35901367664337,3,2.8288315651007,2
27,237,4,5,HouseObjects,doormat,2,1,0.661068922840059,1,old,4,HouseObjects,doormat,1,1,1.3375580473803,6,0.999204598832875,5
27,238,4,4,Instruments,musicstand2,1,1,0.575449425727129,2,old,4,Instruments,musicstand2,0,0,1.65340228093555,2,0.992418671026826,1
27,239,1,2,FruitsAndVegs,cherry2,3,1,0.881803046446294,1,old,1,FruitsAndVegs,cherry2,0,0,0.684007591102272,4,2.28335978789255,4
27,240,4,5,HouseObjects,towel,2,1,0.628371515311301,2,old,4,HouseObjects,towel,0,0,NaN,NaN,6.42492903128732,3
27,241,3,5,FruitsAndVegs,garlic,2,0,0.494672254659235,2,old,3,FruitsAndVegs,garlic,1,1,4.01571462798165,1,0.135576792614302,1
27,242,1,1,FruitsAndVegs,mushroom2,2,0,0.784960372839123,1,old,1,FruitsAndVegs,mushroom2,0,0,1.85138375777751,2,2.95233525661752,6
27,243,4,4,Instruments,flutetrans,1,1,1.4193471102044,1,old,4,Instruments,flutetrans,1,1,1.56646523997188,6,1.48470889078453,4
27,244,4,5,HouseObjects,doormat,2,1,0.597776789218187,1,old,4,HouseObjects,doormat,1,1,1.3375580473803,6,0.999204598832875,5
27,245,3,5,FruitsAndVegs,orange2,2,0,1.1922908294946,2,old,3,FruitsAndVegs,orange2,0,0,1.39839919074439,5,0.125109568121843,3
27,246,2,6,FruitsAndVegs,pear2,3,1,0.65870324568823,2,old,2,FruitsAndVegs,pear2,1,1,0.861083163355943,1,9.68593521974981e-05,3
27,247,3,4,HouseObjects,glassmop,1,0,0.637158454395831,2,old,3,HouseObjects,glassmop,0,0,1.72942243923899,6,1.84753664539312,3
27,248,4,5,HouseObjects,thread,2,1,0.759378599002957,2,old,4,HouseObjects,thread,0,0,1.4996633976989,2,0.000100708071840927,2
27,249,4,5,HouseObjects,key,2,1,0.993799718562514,1,old,4,HouseObjects,key,1,1,2.36637049727142,4,0.28001781925559,1
27,250,2,5,HouseObjects,wateringcan2,2,1,0.436506931204349,2,old,2,HouseObjects,wateringcan2,0,0,0.790117652039044,2,1.51930371596245,5
27,251,4,5,HouseObjects,safetypin,2,1,0.92657997040078,1,old,4,HouseObjects,safetypin,1,1,1.60450113750994,6,1.06868322286755,5
27,252,4,6,FruitsAndVegs,lettuce2,3,1,0.649013782385737,2,old,4,FruitsAndVegs,lettuce2,1,1,1.45499840760021,6,0.321337313333061,3
27,253,4,5,HouseObjects,towel,2,1,0.899441070389003,2,old,4,HouseObjects,towel,0,0,NaN,NaN,6.42492903128732,3
27,254,2,6,FruitsAndVegs,endive,3,1,1.57423772150651,2,old,2,FruitsAndVegs,endive,0,0,1.37568214480416,3,0.405662679928355,3
27,255,4,4,Instruments,keyboard,1,1,0.745080619119108,1,old,4,Instruments,keyboard,1,1,2.10596829978749,2,1.94545407313854,3
27,256,1,3,FruitsAndVegs,celery2,1,0,1.26728594629094,2,old,1,FruitsAndVegs,celery2,0,0,0.890598324593157,NaN,2.5940829840838,3
27,257,1,2,Instruments,electricguitar,3,0,1.48586895829067,1,old,1,Instruments,electricguitar,0,0,0.639987260568887,4,0.000148175284266472,4
27,258,4,5,HouseObjects,key,2,1,0.648177007678896,1,old,4,HouseObjects,key,1,1,2.36637049727142,4,0.28001781925559,1
27,259,3,4,FruitsAndVegs,grape2,1,0,0.682572341058403,2,old,3,FruitsAndVegs,grape2,0,0,0.973758813168388,4,1.4417456749361,3
27,260,4,5,HouseObjects,garbagebin2,2,1,0.701165807899088,1,old,4,HouseObjects,garbagebin2,1,1,1.40059584518895,2,0.568624690175056,1
27,261,4,5,HouseObjects,garbagebin2,2,1,1.12734791683033,1,old,4,HouseObjects,garbagebin2,1,1,1.40059584518895,2,0.568624690175056,1
27,262,4,6,FruitsAndVegs,kiwi2,3,1,0.857803736347705,2,old,4,FruitsAndVegs,kiwi2,1,1,1.16396492152126,3,0.299568975897273,1
27,263,3,5,Instruments,grandpiano,2,0,0.701007369440049,2,old,3,Instruments,grandpiano,1,1,1.43059209609055,4,0.173788127547596,1
27,264,4,4,Instruments,musicstand2,1,1,0.687269698362798,2,old,4,Instruments,musicstand2,0,0,1.65340228093555,2,0.992418671026826,1
27,265,1,3,FruitsAndVegs,eggplant,1,0,0.62566233985126,2,old,1,FruitsAndVegs,eggplant,0,0,2.44711752023431,3,0.762079435575288,3
27,266,4,4,Instruments,trombone2,1,1,0.764188531786203,2,old,4,Instruments,trombone2,0,0,1.55251428595511,2,1.46795094042318,6
27,267,3,5,FruitsAndVegs,peanut,2,0,0.638469904661179,2,old,3,FruitsAndVegs,peanut,0,0,0.638099144853186,2,0.323319402028574,2
27,268,4,6,FruitsAndVegs,cherrytomato2,3,1,0.585759173613042,2,old,4,FruitsAndVegs,cherrytomato2,0,0,0.867829000257188,3,0.342077722889371,5
27,269,4,4,Instruments,flutetrans2,1,1,0.692024145741016,1,old,4,Instruments,flutetrans2,1,1,1.26239583175629,6,1.24326226161793,4
27,270,2,6,FruitsAndVegs,peppergreen2,3,1,1.67860431456938,1,old,2,FruitsAndVegs,peppergreen2,1,1,1.32541919732466,4,0.89183183806017,6
27,271,3,6,HouseObjects,vacuumcleaner,3,0,0.664837457705289,2,old,3,HouseObjects,vacuumcleaner,0,0,0.971939974144334,1,9.58971795625985e-05,1
27,272,4,4,Instruments,trombone2,1,1,0.651395496446639,2,old,4,Instruments,trombone2,0,0,1.55251428595511,2,1.46795094042318,6
27,273,4,5,HouseObjects,garbagebin2,2,1,0.981759652029723,1,old,4,HouseObjects,garbagebin2,1,1,1.40059584518895,2,0.568624690175056,1
27,274,4,6,FruitsAndVegs,casabamelon,3,1,0.648018568754196,1,old,4,FruitsAndVegs,casabamelon,1,1,1.2609788631089,5,0.723312282003462,6
27,275,1,1,Instruments,gong2,2,0,0.906441563740373,2,old,1,Instruments,gong2,0,0,0.826421948178904,5,0.100503123365343,6
27,276,1,3,HouseObjects,garbagebin,1,0,0.661586575210094,2,old,1,HouseObjects,garbagebin,0,0,0.915532230923418,5,0.993974514451111,6
27,277,4,6,FruitsAndVegs,casabamelon,3,1,0.624178980942816,1,old,4,FruitsAndVegs,casabamelon,1,1,1.2609788631089,5,0.723312282003462,6
27,278,3,6,HouseObjects,thermometer2,3,0,0.58713637245819,1,old,3,HouseObjects,thermometer2,0,0,1.75041910912842,4,0.461903324350715,1
27,279,2,4,Instruments,keyboard2,1,1,0.605650941375643,2,old,2,Instruments,keyboard2,0,0,1.07969375766697,1,0.326112286944408,1
27,280,4,5,HouseObjects,safetypin,2,1,0.592625924386084,1,old,4,HouseObjects,safetypin,1,1,1.60450113750994,6,1.06868322286755,5
27,281,2,4,Instruments,timbal,1,1,0.643022935371846,2,old,2,Instruments,timbal,0,0,1.10654175872332,3,0.386922961217351,1
27,282,3,5,Instruments,electricguitar2,2,0,0.653406770899892,2,old,3,Instruments,electricguitar2,0,0,0.801771884696791,4,0.342482800246216,5
27,283,4,4,Instruments,musicstand2,1,1,0.66380856744945,2,old,4,Instruments,musicstand2,0,0,1.65340228093555,2,0.992418671026826,1
27,284,4,4,Instruments,flutetrans,1,1,0.410236237104982,1,old,4,Instruments,flutetrans,1,1,1.56646523997188,6,1.48470889078453,4
27,285,4,5,HouseObjects,safetypin,2,1,0.692833017092198,1,old,4,HouseObjects,safetypin,1,1,1.60450113750994,6,1.06868322286755,5
27,286,4,5,HouseObjects,thread,2,1,0.599185098428279,2,old,4,HouseObjects,thread,0,0,1.4996633976989,2,0.000100708071840927,2
27,287,1,3,Instruments,musicstand,1,1,0.689424979500473,2,old,1,Instruments,musicstand,0,0,1.37649711041013,2,0.467700773879187,2
27,288,3,4,HouseObjects,pan2,1,0,0.844690519850701,2,old,3,HouseObjects,pan2,0,0,0.980168528854847,2,3.35726796332165,2
27,289,4,4,Instruments,drums,1,1,0.599173231516033,1,old,4,Instruments,drums,1,1,2.67193833831698,6,1.12316692899913,5
27,290,3,5,FruitsAndVegs,leek2,2,0,0.801359430421144,2,old,3,FruitsAndVegs,leek2,1,1,1.22265976422932,6,0.138403674500296,3
27,291,1,2,HouseObjects,match,3,0,0.899774946272373,1,old,1,HouseObjects,match,0,0,1.38633474893868,4,0.298422379419208,5
27,292,4,6,FruitsAndVegs,lettuce2,3,1,0.710179180372506,2,old,4,FruitsAndVegs,lettuce2,1,1,1.45499840760021,6,0.321337313333061,3
27,293,2,4,Instruments,frenchhorn,1,1,0.584569599479437,2,old,2,Instruments,frenchhorn,0,0,2.27818486859906,1,1.09590839798329,1
27,294,4,6,FruitsAndVegs,cabbage,3,1,0.739123127888888,1,old,4,FruitsAndVegs,cabbage,1,1,2.25784729095176,6,2.64908434217796,3
27,295,4,6,FruitsAndVegs,greenolive,3,1,0.742197290062904,2,old,4,FruitsAndVegs,greenolive,0,0,1.92525408740039,4,0.344303884339752,1
27,296,4,6,FruitsAndVegs,greenolive,3,1,0.784766012337059,2,old,4,FruitsAndVegs,greenolive,0,0,1.92525408740039,4,0.344303884339752,1
27,297,3,5,Instruments,panflute,2,0,0.675029498524964,1,old,3,Instruments,panflute,0,0,1.2552955923602,3,0.0421803230419755,3
27,298,2,5,HouseObjects,teapot,2,1,0.637622545473278,2,old,2,HouseObjects,teapot,1,1,2.07378790303483,3,0.752321657724679,2
27,299,4,5,HouseObjects,thread,2,1,0.695754513144493,2,old,4,HouseObjects,thread,0,0,1.4996633976989,2,0.000100708071840927,2
27,300,3,6,HouseObjects,wateringcan,3,0,0.73840438015759,1,old,3,HouseObjects,wateringcan,1,1,1.06550097605214,5,5.38821332156658e-05,1
27,301,3,4,HouseObjects,rug,2,1,0.997513408772647,2,old,3,HouseObjects,rug,0,0,0.905468480137642,5,1.56086567885359,4
27,302,2,5,HouseObjects,sponge2,2,1,1.4476492847316,1,old,2,HouseObjects,sponge2,1,1,1.43014275841415,4,1.67194282868877,1
27,303,2,5,HouseObjects,rubbergloves2,1,0,0.89822936616838,2,old,2,HouseObjects,rubbergloves2,0,0,0.914133864134783,2,0.720639990147902,2
27,304,1,3,FruitsAndVegs,coffeebean2,1,0,0.660430036019534,1,old,1,FruitsAndVegs,coffeebean2,0,0,2.80130394501612,3,2.80591919645667,6
27,305,1,2,Instruments,tuba2,3,0,0.734860674943775,2,old,1,Instruments,tuba2,0,0,0.862937282276107,2,0.165039996179985,2
27,306,4,4,Instruments,musicstand2,1,1,0.641615267843008,2,old,4,Instruments,musicstand2,0,0,1.65340228093555,2,0.992418671026826,1
27,307,1,3,Instruments,speaker,1,1,0.779856013134122,1,old,1,Instruments,speaker,1,1,1.65706786187366,2,2.58317411970347,2
27,308,4,6,FruitsAndVegs,cauliflower,3,1,0.782102059572935,1,old,4,FruitsAndVegs,cauliflower,1,1,1.36336721619591,5,0.207410189323127,6
27,309,1,3,FruitsAndVegs,broccoli2,1,0,0.752479454968125,2,old,1,FruitsAndVegs,broccoli2,1,1,3.49456641488359,3,3.51515351724811,5
27,310,2,6,FruitsAndVegs,carrot2,3,1,0.755072848405689,2,old,2,FruitsAndVegs,carrot2,0,0,2.87864742008969,3,0.435426083335187,2
27,311,2,4,Instruments,triangle2,1,1,0.622193684801459,1,old,2,Instruments,triangle2,1,1,1.40993507578969,4,2.01657321210951,4
27,312,4,4,Instruments,trumpet,1,1,0.593124974519014,2,old,4,Instruments,trumpet,0,0,3.7027835517365,3,0.265766024356708,3
27,NaN,NaN,NaN,NaN,NaN,NaN,NaN,NaN,1,new,5,FruitsAndVegs,almond3,1,0,1.66033606324345,2,4.44836290040985,6
27,NaN,NaN,NaN,NaN,NaN,NaN,NaN,NaN,1,new,5,FruitsAndVegs,apple3,1,0,1.40803060214967,5,7.38916644174606,6
27,NaN,NaN,NaN,NaN,NaN,NaN,NaN,NaN,1,new,5,Instruments,accordion3,0,0,3.3538692262955,3,8.65195163572207,4
27,NaN,NaN,NaN,NaN,NaN,NaN,NaN,NaN,1,new,5,Instruments,acousticguitar3,0,0,2.25945797888562,3,1.71320234658197,4
27,NaN,NaN,NaN,NaN,NaN,NaN,NaN,NaN,1,new,5,FruitsAndVegs,apricot3,1,0,1.22769163968042,2,4.68162234965712,2
27,NaN,NaN,NaN,NaN,NaN,NaN,NaN,NaN,1,new,5,FruitsAndVegs,artichoke3,1,0,1.25407779449597,1,6.24045430263504,2
27,NaN,NaN,NaN,NaN,NaN,NaN,NaN,NaN,1,new,5,HouseObjects,ashtray3,0,0,1.53690325235948,6,2.13000545557588,5
27,NaN,NaN,NaN,NaN,NaN,NaN,NaN,NaN,1,new,5,HouseObjects,ballofstring3,0,0,1.71965407766402,3,4.59407721133903,2
27,NaN,NaN,NaN,NaN,NaN,NaN,NaN,NaN,1,new,5,FruitsAndVegs,arugula3,0,0,1.37964696390554,3,1.15175037970766,6
27,NaN,NaN,NaN,NaN,NaN,NaN,NaN,NaN,1,new,5,Instruments,balalaika3,1,0,1.93455450981855,2,0.938295461237431,4
27,NaN,NaN,NaN,NaN,NaN,NaN,NaN,NaN,1,new,5,HouseObjects,barbecuelighter3,0,0,1.1088718357496,3,1.72701987810433,5
27,NaN,NaN,NaN,NaN,NaN,NaN,NaN,NaN,1,new,5,Instruments,banjo3,0,0,1.0491032009013,3,0.882910835091025,4
27,NaN,NaN,NaN,NaN,NaN,NaN,NaN,NaN,1,new,5,HouseObjects,basket3,0,0,1.12775299418718,6,0.918218314182013,1
27,NaN,NaN,NaN,NaN,NaN,NaN,NaN,NaN,1,new,5,Instruments,bassdrum3,0,0,1.87332368409261,3,0.663786116521806,4
27,NaN,NaN,NaN,NaN,NaN,NaN,NaN,NaN,1,new,5,HouseObjects,bleachbottle3,0,0,1.70232395129278,2,0.52420858386904,1
27,NaN,NaN,NaN,NaN,NaN,NaN,NaN,NaN,1,new,5,HouseObjects,bottle3,0,0,1.07247260445729,3,2.26929786289111,5
27,NaN,NaN,NaN,NaN,NaN,NaN,NaN,NaN,1,new,5,HouseObjects,broom3,0,0,3.39194232784212,6,1.47658810066059,5
27,NaN,NaN,NaN,NaN,NaN,NaN,NaN,NaN,1,new,5,HouseObjects,bucket3,0,0,3.30471695400774,4,1.11488513369113,1
27,NaN,NaN,NaN,NaN,NaN,NaN,NaN,NaN,1,new,5,HouseObjects,clock3,0,0,0.998247230425477,5,0.731169756036252,1
27,NaN,NaN,NaN,NaN,NaN,NaN,NaN,NaN,1,new,5,HouseObjects,clothesdryingrack3,0,0,1.38151006260887,NaN,0.792094929609448,1
27,NaN,NaN,NaN,NaN,NaN,NaN,NaN,NaN,1,new,5,FruitsAndVegs,asparagus3,0,0,1.9847895540297,6,0.190881237387657,6
27,NaN,NaN,NaN,NaN,NaN,NaN,NaN,NaN,1,new,5,FruitsAndVegs,avocado3,0,0,1.02975281933323,6,0.36582365911454,6
27,NaN,NaN,NaN,NaN,NaN,NaN,NaN,NaN,1,new,5,HouseObjects,clothespin3,0,0,1.30515378341079,4,1.13440774520859,1
27,NaN,NaN,NaN,NaN,NaN,NaN,NaN,NaN,1,new,5,FruitsAndVegs,banana3,0,0,1.21575645077974,5,0.469945858232677,6
27,NaN,NaN,NaN,NaN,NaN,NaN,NaN,NaN,1,new,5,HouseObjects,coffee3,0,0,2.30793063202873,5,1.22069756081328,5
27,NaN,NaN,NaN,NaN,NaN,NaN,NaN,NaN,1,new,5,FruitsAndVegs,beansprouts3,0,0,2.01960567990318,6,0.629202517215163,6
27,NaN,NaN,NaN,NaN,NaN,NaN,NaN,NaN,1,new,5,Instruments,bassguitar3,0,0,1.09853161871433,3,0.910059998277575,3
27,NaN,NaN,NaN,NaN,NaN,NaN,NaN,NaN,1,new,5,HouseObjects,cushion3,0,0,1.75388968875632,2,2.41423729853705,1
27,NaN,NaN,NaN,NaN,NaN,NaN,NaN,NaN,1,new,5,HouseObjects,dishsoap3,1,0,1.21897237375379,2,0.937624822836369,1
27,NaN,NaN,NaN,NaN,NaN,NaN,NaN,NaN,1,new,5,Instruments,cello3,0,0,1.34023386705667,3,2.10326008684933,3
27,NaN,NaN,NaN,NaN,NaN,NaN,NaN,NaN,1,new,5,HouseObjects,doormat3,1,0,1.62485410971567,2,0.658963034395128,1
27,NaN,NaN,NaN,NaN,NaN,NaN,NaN,NaN,1,new,5,HouseObjects,dustpan3,1,0,1.01821372751147,1,0.686175700742751,1
27,NaN,NaN,NaN,NaN,NaN,NaN,NaN,NaN,1,new,5,FruitsAndVegs,blackberry3,0,0,1.53918682411313,3,5.26735810982063,2
27,NaN,NaN,NaN,NaN,NaN,NaN,NaN,NaN,1,new,5,Instruments,chime3,0,0,2.39760827971622,5,2.123892090749,5
27,NaN,NaN,NaN,NaN,NaN,NaN,NaN,NaN,1,new,5,FruitsAndVegs,blackolive3,0,0,2.00692704739049,2,5.20587038248777,2
27,NaN,NaN,NaN,NaN,NaN,NaN,NaN,NaN,1,new,5,Instruments,clarinet3,1,0,0.941956873051822,3,0.580915885046124,4
27,NaN,NaN,NaN,NaN,NaN,NaN,NaN,NaN,1,new,5,Instruments,cornet3,1,0,1.06998537154868,NaN,0.181480748578906,2
27,NaN,NaN,NaN,NaN,NaN,NaN,NaN,NaN,1,new,5,FruitsAndVegs,blueberry3,0,0,1.07289211452007,2,3.23166640102863,2
27,NaN,NaN,NaN,NaN,NaN,NaN,NaN,NaN,1,new,5,HouseObjects,flyswatter3,1,0,0.777982971165329,3,0.769839088432491,3
27,NaN,NaN,NaN,NaN,NaN,NaN,NaN,NaN,1,new,5,FruitsAndVegs,broccoli3,0,0,1.02536432119086,3,1.49193613836542,3
27,NaN,NaN,NaN,NaN,NaN,NaN,NaN,NaN,1,new,5,HouseObjects,garbagebin3,0,0,1.61542892502621,2,2.58363436162472,5
27,NaN,NaN,NaN,NaN,NaN,NaN,NaN,NaN,1,new,5,HouseObjects,glass3,0,0,0.898645027074963,3,1.79425951186568,5
27,NaN,NaN,NaN,NaN,NaN,NaN,NaN,NaN,1,new,5,Instruments,cymbal3,0,0,1.12909459276125,5,0.289978937711567,5
27,NaN,NaN,NaN,NaN,NaN,NaN,NaN,NaN,1,new,5,HouseObjects,glassmop3,0,0,0.855443511623889,5,0.000102632213383913,5
27,NaN,NaN,NaN,NaN,NaN,NaN,NaN,NaN,1,new,5,Instruments,doublebass3,0,0,1.5863573285751,5,0.539027423132211,4
27,NaN,NaN,NaN,NaN,NaN,NaN,NaN,NaN,1,new,5,Instruments,drums3,0,0,1.10545481741428,4,0.754493295680732,4
27,NaN,NaN,NaN,NaN,NaN,NaN,NaN,NaN,1,new,5,FruitsAndVegs,brusselssprout3,1,0,2.76480881683528,5,0.551258321385831,6
27,NaN,NaN,NaN,NaN,NaN,NaN,NaN,NaN,1,new,5,HouseObjects,handbrush3,0,0,1.01193486806005,3,0.934639501851052,3
27,NaN,NaN,NaN,NaN,NaN,NaN,NaN,NaN,1,new,5,Instruments,electricdrumset3,0,0,1.01326395804062,2,0.468386166263372,3
27,NaN,NaN,NaN,NaN,NaN,NaN,NaN,NaN,1,new,5,FruitsAndVegs,cabbage3,0,0,1.13839501468465,2,0.815213845577091,2
27,NaN,NaN,NaN,NaN,NaN,NaN,NaN,NaN,1,new,5,FruitsAndVegs,carrot3,0,0,1.12663430115208,2,0.170621917117387,3
27,NaN,NaN,NaN,NaN,NaN,NaN,NaN,NaN,1,new,5,FruitsAndVegs,casabamelon3,0,0,1.69251068774611,4,1.63140302058309,3
27,NaN,NaN,NaN,NaN,NaN,NaN,NaN,NaN,1,new,5,Instruments,electricguitar3,1,0,1.19709979975596,2,3.07159702153876,6
27,NaN,NaN,NaN,NaN,NaN,NaN,NaN,NaN,1,new,5,Instruments,flute3,0,0,1.20057037938386,4,1.73974148789421,2
27,NaN,NaN,NaN,NaN,NaN,NaN,NaN,NaN,1,new,5,FruitsAndVegs,cauliflower3,0,0,0.890855867415667,2,1.04942328575999,3
27,NaN,NaN,NaN,NaN,NaN,NaN,NaN,NaN,1,new,5,Instruments,flutetrans3,0,0,1.71505710668862,3,1.31954284990206,4
27,NaN,NaN,NaN,NaN,NaN,NaN,NaN,NaN,1,new,5,FruitsAndVegs,celery3,0,0,1.75054258899763,3,0.56486257025972,4
27,NaN,NaN,NaN,NaN,NaN,NaN,NaN,NaN,1,new,5,Instruments,frenchhorn3,0,0,1.55893426481634,4,1.24929801048711,4
27,NaN,NaN,NaN,NaN,NaN,NaN,NaN,NaN,1,new,5,HouseObjects,handvacuum3,0,0,1.0718673937954,3,0.000100066419690847,1
27,NaN,NaN,NaN,NaN,NaN,NaN,NaN,NaN,1,new,5,FruitsAndVegs,cherry3,0,0,0.986684725619853,3,0.276775917969644,4
27,NaN,NaN,NaN,NaN,NaN,NaN,NaN,NaN,1,new,5,HouseObjects,iron3,0,0,1.01589551754296,4,1.33647752040997,1
27,NaN,NaN,NaN,NaN,NaN,NaN,NaN,NaN,1,new,5,HouseObjects,ironingboard3,0,0,0.850336906965822,1,1.52763073379174,5
27,NaN,NaN,NaN,NaN,NaN,NaN,NaN,NaN,1,new,5,HouseObjects,key3,0,0,1.5318460399285,6,1.1513443402946,6
27,NaN,NaN,NaN,NaN,NaN,NaN,NaN,NaN,1,new,5,HouseObjects,knife3,1,0,1.69158282596618,2,1.40023342473432,1
27,NaN,NaN,NaN,NaN,NaN,NaN,NaN,NaN,1,new,5,FruitsAndVegs,cherrytomato3,0,0,1.06304549518973,2,1.58693655999377,3
27,NaN,NaN,NaN,NaN,NaN,NaN,NaN,NaN,1,new,5,Instruments,gong3,0,0,0.906158683355898,2,2.2743967701681,1
27,NaN,NaN,NaN,NaN,NaN,NaN,NaN,NaN,1,new,5,Instruments,grandpiano3,0,0,1.22882893541828,3,0.0431415401399136,4
27,NaN,NaN,NaN,NaN,NaN,NaN,NaN,NaN,1,new,5,Instruments,guitarcase3,1,0,1.42750125611201,1,0.141435179393739,4
27,NaN,NaN,NaN,NaN,NaN,NaN,NaN,NaN,1,new,5,Instruments,harmonica3,0,0,1.98549322783947,1,0.961496162693948,4
27,NaN,NaN,NaN,NaN,NaN,NaN,NaN,NaN,1,new,5,FruitsAndVegs,coconut3,0,0,1.42014315305278,5,0.757884335238487,6
27,NaN,NaN,NaN,NaN,NaN,NaN,NaN,NaN,1,new,5,FruitsAndVegs,coffeebean3,0,0,1.24809560738504,6,1.68509549461305,6
27,NaN,NaN,NaN,NaN,NaN,NaN,NaN,NaN,1,new,5,Instruments,harp3,1,0,2.98408844647929,3,2.19433962926269,4
27,NaN,NaN,NaN,NaN,NaN,NaN,NaN,NaN,1,new,5,HouseObjects,lintroller3,0,0,1.15835477644578,3,0.370906209107488,1
27,NaN,NaN,NaN,NaN,NaN,NaN,NaN,NaN,1,new,5,FruitsAndVegs,corn3,0,0,1.28526875097305,4,0.172036320436746,6
27,NaN,NaN,NaN,NaN,NaN,NaN,NaN,NaN,1,new,5,FruitsAndVegs,cucumber3,0,0,1.07053253101185,4,0.142581135034561,6
27,NaN,NaN,NaN,NaN,NaN,NaN,NaN,NaN,1,new,5,Instruments,hihat3,0,0,1.65844313660637,4,0.0263723637908697,4
27,NaN,NaN,NaN,NaN,NaN,NaN,NaN,NaN,1,new,5,Instruments,keyboard3,0,0,0.74737637815997,4,0.0435029985383153,4
27,NaN,NaN,NaN,NaN,NaN,NaN,NaN,NaN,1,new,5,Instruments,laud3,0,0,1.29636780638248,5,1.54230428440496,4
27,NaN,NaN,NaN,NaN,NaN,NaN,NaN,NaN,1,new,5,Instruments,maraca3,0,0,1.10644971067086,4,0.326502931304276,4
27,NaN,NaN,NaN,NaN,NaN,NaN,NaN,NaN,1,new,5,Instruments,marimba3,0,0,1.4554445380345,4,2.62487720185891,4
27,NaN,NaN,NaN,NaN,NaN,NaN,NaN,NaN,1,new,5,FruitsAndVegs,eggplant3,0,0,1.91635842202231,4,0.000101349782198668,6
27,NaN,NaN,NaN,NaN,NaN,NaN,NaN,NaN,1,new,5,FruitsAndVegs,endive3,0,0,1.58597598457709,4,0.658324467949569,6
27,NaN,NaN,NaN,NaN,NaN,NaN,NaN,NaN,1,new,5,Instruments,metronome3,0,0,0.896731253713369,6,1.14313567103818,1
27,NaN,NaN,NaN,NaN,NaN,NaN,NaN,NaN,1,new,5,Instruments,musicsheet3,0,0,2.98254062049091,2,1.27108559105545,3
27,NaN,NaN,NaN,NaN,NaN,NaN,NaN,NaN,1,new,5,HouseObjects,match3,0,0,1.10170777142048,3,0.498696086928248,1
27,NaN,NaN,NaN,NaN,NaN,NaN,NaN,NaN,1,new,5,HouseObjects,pan3,0,0,1.16331128124148,4,0.306779865641147,5
27,NaN,NaN,NaN,NaN,NaN,NaN,NaN,NaN,1,new,5,FruitsAndVegs,garlic3,0,0,1.87221878161654,5,0.270304943434894,6
27,NaN,NaN,NaN,NaN,NaN,NaN,NaN,NaN,1,new,5,HouseObjects,pitcher3,0,0,1.19294831855223,5,0.0283496417105198,1
27,NaN,NaN,NaN,NaN,NaN,NaN,NaN,NaN,1,new,5,FruitsAndVegs,ginger3,0,0,1.22627114271745,3,0.0575129664503038,6
27,NaN,NaN,NaN,NaN,NaN,NaN,NaN,NaN,1,new,5,HouseObjects,recyclingbin3,0,0,1.45578418718651,1,0.748714128043503,1
27,NaN,NaN,NaN,NaN,NaN,NaN,NaN,NaN,1,new,5,FruitsAndVegs,grape3,0,0,1.36685383180156,4,0.307431261055171,6
27,NaN,NaN,NaN,NaN,NaN,NaN,NaN,NaN,1,new,5,Instruments,musicstand3,0,0,0.888367031700909,1,3.45721045695245,2
27,NaN,NaN,NaN,NaN,NaN,NaN,NaN,NaN,1,new,5,Instruments,oboe3,0,0,1.69550498854369,5,0.363387421704829,1
27,NaN,NaN,NaN,NaN,NaN,NaN,NaN,NaN,1,new,5,FruitsAndVegs,greenolive3,0,0,1.18688178015873,4,0.297964702825993,6
27,NaN,NaN,NaN,NaN,NaN,NaN,NaN,NaN,1,new,5,HouseObjects,rubbergloves3,0,0,1.47895121201873,5,2.06465714517981,5
27,NaN,NaN,NaN,NaN,NaN,NaN,NaN,NaN,1,new,5,FruitsAndVegs,iceberglettuce3,1,0,1.26837288821116,6,1.54882946098223,6
27,NaN,NaN,NaN,NaN,NaN,NaN,NaN,NaN,2,new,5,FruitsAndVegs,almond4,0,0,2.01032193546416,4,4.94786208641017,3
27,NaN,NaN,NaN,NaN,NaN,NaN,NaN,NaN,2,new,5,FruitsAndVegs,apple4,0,0,3.3587827537558,6,2.53982090001227,1
27,NaN,NaN,NaN,NaN,NaN,NaN,NaN,NaN,2,new,5,Instruments,accordion4,1,0,2.0700796652236,5,3.04097856170847,1
27,NaN,NaN,NaN,NaN,NaN,NaN,NaN,NaN,2,new,5,HouseObjects,ashtray4,0,0,1.38404155586613,2,1.18987672243384,4
27,NaN,NaN,NaN,NaN,NaN,NaN,NaN,NaN,2,new,5,FruitsAndVegs,apricot4,0,0,1.19820438156603,4,0.965132557787001,3
27,NaN,NaN,NaN,NaN,NaN,NaN,NaN,NaN,2,new,5,FruitsAndVegs,artichoke4,0,0,0.924584410851821,3,7.26391832000809,5
27,NaN,NaN,NaN,NaN,NaN,NaN,NaN,NaN,2,new,5,HouseObjects,ballofstring4,0,0,1.03358806489268,1,2.05834685461014,2
27,NaN,NaN,NaN,NaN,NaN,NaN,NaN,NaN,2,new,5,HouseObjects,barbecuelighter4,0,0,1.06635891908081,2,0.147903267643414,2
27,NaN,NaN,NaN,NaN,NaN,NaN,NaN,NaN,2,new,5,HouseObjects,basket4,0,0,0.991069054638501,4,0.27725861093495,2
27,NaN,NaN,NaN,NaN,NaN,NaN,NaN,NaN,2,new,5,HouseObjects,bleachbottle4,0,0,2.27530057670083,2,1.27008652873337,4
27,NaN,NaN,NaN,NaN,NaN,NaN,NaN,NaN,2,new,5,Instruments,acousticguitar4,1,0,1.27589456184069,4,0.0793781629763544,1
27,NaN,NaN,NaN,NaN,NaN,NaN,NaN,NaN,2,new,5,Instruments,balalaika4,0,0,1.29433760873508,3,1.95314893921022,6
27,NaN,NaN,NaN,NaN,NaN,NaN,NaN,NaN,2,new,5,HouseObjects,bottle4,0,0,0.764123103755992,3,0.765603576466674,3
27,NaN,NaN,NaN,NaN,NaN,NaN,NaN,NaN,2,new,5,Instruments,banjo4,0,0,0.919042901339708,3,0.221924659475917,1
27,NaN,NaN,NaN,NaN,NaN,NaN,NaN,NaN,2,new,5,HouseObjects,broom4,0,0,0.782542737579206,3,0.0099899836932309,2
27,NaN,NaN,NaN,NaN,NaN,NaN,NaN,NaN,2,new,5,FruitsAndVegs,arugula4,0,0,1.01255707725068,3,1.89849941772991,3
27,NaN,NaN,NaN,NaN,NaN,NaN,NaN,NaN,2,new,5,HouseObjects,bucket4,0,0,0.832693110132823,3,1.55891758712824,6
27,NaN,NaN,NaN,NaN,NaN,NaN,NaN,NaN,2,new,5,Instruments,bassdrum4,0,0,1.11376259132521,5,1.69486866737134,6
27,NaN,NaN,NaN,NaN,NaN,NaN,NaN,NaN,2,new,5,FruitsAndVegs,asparagus4,0,0,0.798332415521145,3,2.36918422937742,3
27,NaN,NaN,NaN,NaN,NaN,NaN,NaN,NaN,2,new,5,Instruments,bassguitar4,0,0,3.12735785971745,1,0.303598260768922,1
27,NaN,NaN,NaN,NaN,NaN,NaN,NaN,NaN,2,new,5,FruitsAndVegs,avocado4,0,0,NaN,4,0.177050555765163,5
27,NaN,NaN,NaN,NaN,NaN,NaN,NaN,NaN,2,new,5,Instruments,cello4,0,0,0.987785458448343,2,0.271737307193689,1
27,NaN,NaN,NaN,NaN,NaN,NaN,NaN,NaN,2,new,5,FruitsAndVegs,banana4,0,0,0.934514739463339,5,3.91175503691193,6
27,NaN,NaN,NaN,NaN,NaN,NaN,NaN,NaN,2,new,5,Instruments,chime4,0,0,NaN,3,0.390288984024664,2
27,NaN,NaN,NaN,NaN,NaN,NaN,NaN,NaN,2,new,5,Instruments,clarinet4,0,0,1.67974706238601,1,0.347558294422925,1
27,NaN,NaN,NaN,NaN,NaN,NaN,NaN,NaN,2,new,5,HouseObjects,clock4,0,0,1.52656977096922,4,1.02637300535571,2
27,NaN,NaN,NaN,NaN,NaN,NaN,NaN,NaN,2,new,5,HouseObjects,clothesdryingrack4,0,0,0.929514936724445,6,0.0319921306509059,4
27,NaN,NaN,NaN,NaN,NaN,NaN,NaN,NaN,2,new,5,FruitsAndVegs,beansprouts4,0,0,1.85622704602429,3,2.69479810757912,3
27,NaN,NaN,NaN,NaN,NaN,NaN,NaN,NaN,2,new,5,Instruments,cornet4,0,0,4.37611961553921,2,0.251542453101138,1
27,NaN,NaN,NaN,NaN,NaN,NaN,NaN,NaN,2,new,5,Instruments,cymbal4,0,0,1.03030831742217,4,1.27081040808116,3
27,NaN,NaN,NaN,NaN,NaN,NaN,NaN,NaN,2,new,5,HouseObjects,clothespin4,1,0,1.42721516857273,3,0.231538110470865,2
27,NaN,NaN,NaN,NaN,NaN,NaN,NaN,NaN,2,new,5,FruitsAndVegs,blackberry4,0,0,NaN,5,0.0475582623621449,2
27,NaN,NaN,NaN,NaN,NaN,NaN,NaN,NaN,2,new,5,HouseObjects,coffee4,0,0,4.26305300035165,4,0.888744205672992,2
27,NaN,NaN,NaN,NaN,NaN,NaN,NaN,NaN,2,new,5,Instruments,doublebass4,0,0,1.85939069054439,3,0.680231679871213,3
27,NaN,NaN,NaN,NaN,NaN,NaN,NaN,NaN,2,new,5,FruitsAndVegs,blackolive4,1,0,2.5096254782402,6,2.34149784970214,3
27,NaN,NaN,NaN,NaN,NaN,NaN,NaN,NaN,2,new,5,Instruments,drums4,0,0,2.12898939455044,4,0.0277213388471864,2
27,NaN,NaN,NaN,NaN,NaN,NaN,NaN,NaN,2,new,5,Instruments,electricdrumset4,0,0,4.06058103422401,3,0.412637194705894,1
27,NaN,NaN,NaN,NaN,NaN,NaN,NaN,NaN,2,new,5,FruitsAndVegs,blueberry4,1,0,2.81342772094649,3,0.0370111769880168,3
27,NaN,NaN,NaN,NaN,NaN,NaN,NaN,NaN,2,new,5,HouseObjects,cushion4,0,0,1.75370559183648,5,0.106216221494833,2
27,NaN,NaN,NaN,NaN,NaN,NaN,NaN,NaN,2,new,5,HouseObjects,dishsoap4,0,0,1.05151570451562,2,1.44359145493945,5
27,NaN,NaN,NaN,NaN,NaN,NaN,NaN,NaN,2,new,5,HouseObjects,doormat4,0,0,0.945289861236233,4,1.48690618723049,4
27,NaN,NaN,NaN,NaN,NaN,NaN,NaN,NaN,2,new,5,FruitsAndVegs,broccoli4,0,0,1.2981885697809,4,1.97915375075536,3
27,NaN,NaN,NaN,NaN,NaN,NaN,NaN,NaN,2,new,5,Instruments,electricguitar4,0,0,NaN,4,0.166234381031245,1
27,NaN,NaN,NaN,NaN,NaN,NaN,NaN,NaN,2,new,5,Instruments,flute4,0,0,4.16076118621277,1,3.29765937133925,6
27,NaN,NaN,NaN,NaN,NaN,NaN,NaN,NaN,2,new,5,HouseObjects,dustpan4,0,0,0.828065349924145,2,0.312896758521674,2
27,NaN,NaN,NaN,NaN,NaN,NaN,NaN,NaN,2,new,5,HouseObjects,flyswatter4,0,0,0.497440443519736,2,0.336606452416163,4
27,NaN,NaN,NaN,NaN,NaN,NaN,NaN,NaN,2,new,5,Instruments,flutetrans4,0,0,0.684133315662621,5,0.519414045818849,1
27,NaN,NaN,NaN,NaN,NaN,NaN,NaN,NaN,2,new,5,FruitsAndVegs,brusselssprout4,1,0,1.11552722757915,6,0.172629984794185,3
27,NaN,NaN,NaN,NaN,NaN,NaN,NaN,NaN,2,new,5,FruitsAndVegs,cabbage4,1,0,1.14328031832702,5,0.0540160870004911,3
27,NaN,NaN,NaN,NaN,NaN,NaN,NaN,NaN,2,new,5,HouseObjects,garbagebin4,0,0,0.693683262885315,2,0.547992686158977,2
27,NaN,NaN,NaN,NaN,NaN,NaN,NaN,NaN,2,new,5,FruitsAndVegs,carrot4,0,0,1.36217924559605,4,0.0542829312907998,1
27,NaN,NaN,NaN,NaN,NaN,NaN,NaN,NaN,2,new,5,Instruments,frenchhorn4,1,0,1.03325964111718,1,0.672253933153115,1
27,NaN,NaN,NaN,NaN,NaN,NaN,NaN,NaN,2,new,5,FruitsAndVegs,casabamelon4,0,0,1.04978121654131,3,1.39912307006307,2
27,NaN,NaN,NaN,NaN,NaN,NaN,NaN,NaN,2,new,5,HouseObjects,glass4,0,0,0.863361603202065,5,0.392936900636414,2
27,NaN,NaN,NaN,NaN,NaN,NaN,NaN,NaN,2,new,5,HouseObjects,glassmop4,0,0,0.818205581104849,5,0.32243932900019,2
27,NaN,NaN,NaN,NaN,NaN,NaN,NaN,NaN,2,new,5,HouseObjects,handbrush4,1,0,1.25486485712463,2,0.329844258521916,1
27,NaN,NaN,NaN,NaN,NaN,NaN,NaN,NaN,2,new,5,Instruments,gong4,1,0,1.25811766358675,2,0.168326478858944,2
27,NaN,NaN,NaN,NaN,NaN,NaN,NaN,NaN,2,new,5,Instruments,grandpiano4,1,0,1.31490129805752,2,0.110815116320737,2
27,NaN,NaN,NaN,NaN,NaN,NaN,NaN,NaN,2,new,5,Instruments,guitarcase4,1,0,2.82031980904867,2,0.0909169341321103,2
27,NaN,NaN,NaN,NaN,NaN,NaN,NaN,NaN,2,new,5,Instruments,harmonica4,1,0,1.16902373792254,1,0.921137885714415,1
27,NaN,NaN,NaN,NaN,NaN,NaN,NaN,NaN,2,new,5,HouseObjects,handvacuum4,1,0,1.54042931785807,2,0.838969082949916,3
27,NaN,NaN,NaN,NaN,NaN,NaN,NaN,NaN,2,new,5,FruitsAndVegs,cauliflower4,0,0,NaN,2,0.0449308722454589,3
27,NaN,NaN,NaN,NaN,NaN,NaN,NaN,NaN,2,new,5,HouseObjects,iron4,0,0,1.15250023812405,3,0.16445370845031,2
27,NaN,NaN,NaN,NaN,NaN,NaN,NaN,NaN,2,new,5,Instruments,harp4,0,0,3.02299254984246,4,1.53814029402565,6
27,NaN,NaN,NaN,NaN,NaN,NaN,NaN,NaN,2,new,5,FruitsAndVegs,celery4,1,0,1.83592795586446,1,1.67353715919307,1
27,NaN,NaN,NaN,NaN,NaN,NaN,NaN,NaN,2,new,5,HouseObjects,ironingboard4,0,0,1.55751056072768,2,0.267651895206654,2
27,NaN,NaN,NaN,NaN,NaN,NaN,NaN,NaN,2,new,5,Instruments,hihat4,1,0,1.78625193759217,1,0.876103418850107,1
27,NaN,NaN,NaN,NaN,NaN,NaN,NaN,NaN,2,new,5,HouseObjects,key4,1,0,0.798800996708451,1,0.0113075274857692,1
27,NaN,NaN,NaN,NaN,NaN,NaN,NaN,NaN,2,new,5,FruitsAndVegs,cherry4,0,0,3.26418356067734,4,0.770640262780944,1
27,NaN,NaN,NaN,NaN,NaN,NaN,NaN,NaN,2,new,5,FruitsAndVegs,cherrytomato4,1,0,1.21651560990722,2,0.798994715383742,3
27,NaN,NaN,NaN,NaN,NaN,NaN,NaN,NaN,2,new,5,FruitsAndVegs,coconut4,0,0,1.19912679048139,3,0.0233694032940548,3
27,NaN,NaN,NaN,NaN,NaN,NaN,NaN,NaN,2,new,5,FruitsAndVegs,coffeebean4,1,0,1.88811205406091,3,0.278195452527143,2
27,NaN,NaN,NaN,NaN,NaN,NaN,NaN,NaN,2,new,5,FruitsAndVegs,corn4,0,0,2.05881928451709,1,0.0713481378334109,3
27,NaN,NaN,NaN,NaN,NaN,NaN,NaN,NaN,2,new,5,HouseObjects,knife4,0,0,1.038200750947,2,0.255598679010291,3
27,NaN,NaN,NaN,NaN,NaN,NaN,NaN,NaN,2,new,5,HouseObjects,lintroller4,0,0,1.80161697385483,2,0.304657619824866,2
27,NaN,NaN,NaN,NaN,NaN,NaN,NaN,NaN,2,new,5,HouseObjects,match4,0,0,NaN,2,2.0155032693292,3
27,NaN,NaN,NaN,NaN,NaN,NaN,NaN,NaN,2,new,5,FruitsAndVegs,cucumber4,0,0,1.02140014362521,3,0.23820184142096,2
27,NaN,NaN,NaN,NaN,NaN,NaN,NaN,NaN,2,new,5,Instruments,keyboard4,0,0,3.54813412646763,2,0.160424102825345,2
27,NaN,NaN,NaN,NaN,NaN,NaN,NaN,NaN,2,new,5,FruitsAndVegs,eggplant4,0,0,0.373470736783929,3,0.0179802387719974,3
27,NaN,NaN,NaN,NaN,NaN,NaN,NaN,NaN,2,new,5,HouseObjects,pan4,1,0,1.666828205809,2,0.321569198480574,2
27,NaN,NaN,NaN,NaN,NaN,NaN,NaN,NaN,2,new,5,FruitsAndVegs,endive4,0,0,NaN,NaN,19.3395164024259,3
27,NaN,NaN,NaN,NaN,NaN,NaN,NaN,NaN,2,new,5,FruitsAndVegs,garlic4,1,0,1.09966538622393,3,9.97458701021969e-05,3
27,NaN,NaN,NaN,NaN,NaN,NaN,NaN,NaN,2,new,5,Instruments,laud4,0,0,0.996157377841882,2,1.85192546449252,5
27,NaN,NaN,NaN,NaN,NaN,NaN,NaN,NaN,2,new,5,HouseObjects,pitcher4,1,0,1.11447556593339,5,0.62389193061972,2
27,NaN,NaN,NaN,NaN,NaN,NaN,NaN,NaN,2,new,5,Instruments,maraca4,0,0,3.53571143356385,5,0.844265557534527,1
27,NaN,NaN,NaN,NaN,NaN,NaN,NaN,NaN,2,new,5,FruitsAndVegs,ginger4,0,0,1.31481213614461,1,3.2874968368269,3
27,NaN,NaN,NaN,NaN,NaN,NaN,NaN,NaN,2,new,5,Instruments,marimba4,0,0,1.14330308992066,5,0.540205130149843,6
27,NaN,NaN,NaN,NaN,NaN,NaN,NaN,NaN,2,new,5,HouseObjects,recyclingbin4,0,0,1.20833965431666,6,0.212961000012001,2
27,NaN,NaN,NaN,NaN,NaN,NaN,NaN,NaN,2,new,5,Instruments,metronome4,1,0,4.11800259340089,4,0.339203373529017,1
27,NaN,NaN,NaN,NaN,NaN,NaN,NaN,NaN,2,new,5,Instruments,musicsheet4,1,0,1.82592835035757,4,0.135961664229399,1
27,NaN,NaN,NaN,NaN,NaN,NaN,NaN,NaN,2,new,5,FruitsAndVegs,grape4,0,0,NaN,4,2.02522288073669,3
27,NaN,NaN,NaN,NaN,NaN,NaN,NaN,NaN,2,new,5,FruitsAndVegs,greenolive4,1,0,1.73477023004671,1,1.04308156424668,3
27,NaN,NaN,NaN,NaN,NaN,NaN,NaN,NaN,2,new,5,FruitsAndVegs,iceberglettuce4,0,0,1.14828685633256,6,0.85032311573741,3
27,NaN,NaN,NaN,NaN,NaN,NaN,NaN,NaN,2,new,5,HouseObjects,rubbergloves4,0,0,1.04032652504975,6,1.21709291730076,2
27,NaN,NaN,NaN,NaN,NaN,NaN,NaN,NaN,2,new,5,Instruments,musicstand4,0,0,2.61339359567501,3,1.86197510329657,1
27,NaN,NaN,NaN,NaN,NaN,NaN,NaN,NaN,2,new,5,Instruments,oboe4,0,0,1.04208218099666,5,1.09835810569348,1
